GSSCode,fullName,shortName,gridCol,gridRow,totalAttendees
E09000002,Barking and Dagenham,Bar,8,4,0
E09000003,Barnet,Brn,4,2,0
E09000004,Bexley,Bxl,8,5,0
E09000005,Brent,Brt,3,3,0
E09000006,Bromley,Brm,6,6,0
E09000007,Camden,Cmd,4,3,123204
E09000001,City of London,Cty,5,4,72830
E09000008,Croydon,Crd,5,6,42152
E09000009,Ealing,Elg,2,3,0
E09000010,Enfield,Enf,5,1,52739
E09000011,Greenwich,Grn,7,5,0
E09000012,Hackney,Hck,6,3,63194
E09000013,Hammersmith and Fulham,Hms,2,4,0
E09000014,Haringey,Hgy,5,2,0
E09000015,Harrow,Hrw,3,2,75460
E09000016,Havering,Hvg,8,3,96480
E09000017,Hillingdon,Hdn,1,3,35768
E09000018,Hounslow,Hns,1,4,0
E09000019,Islington,Isl,5,3,55728
E09000020,Kensington and Chelsea,Kns,3,4,114497
E09000021,Kingston upon Thames,Kng,3,6,58727
E09000022,Lambeth,Lam,4,5,97515
E09000023,Lewisham,Lsh,6,5,82449
E09000024,Merton,Mrt,4,6,0
E09000025,Newham,Nwm,7,4,0
E09000026,Redbridge,Rdb,7,3,0
E09000027,Richmond upon Thames,Rch,2,5,0
E09000028,Southwark,Swr,5,5,83859
E09000029,Sutton,Stn,4,7,75673
E09000030,Tower Hamlets,Tow,6,4,163236
E09000031,Waltham Forest,Wth,6,2,0
E09000032,Wandsworth,Wns,3,5,80576
E09000033,Westminster,Wst,4,4,60773
